Source,Target
MACcosmetics,ShanHarrison_x
RammeharDabla,DrAMSinghvi
mu_your_mind,UrbanDecay
audreyartmann,Poshmarkapp
RougepoutBeauty,TooFaced
RougepoutBeauty,WizardPublicity
RougepoutBeauty,CTilburyMakeup
RougepoutBeauty,LancomeUK
sotonbloggers,acurvyvegan
sotonbloggers,TooFaced
Mzee_jones,venusakingba
bloggingbeesrt,Laurenwoodhous6
bloggingbeesrt,TooFaced
bloggingbeesrt,Influencer_RT
bloggingbeesrt,bloggingbeesrt
bloggingbeesrt,LittleBlogRTs
bloggingbeesrt,FabBloggersRT
GA_Simone,GA_Simone
FirstGlanceFilm,NathanBrimmer
FirstGlanceFilm,SanfordStreet
MAC_Debbie_F,MACcosmetics
ladyrasta,natie_soares
ladyrasta,danicarolp
ladyrasta,novabaiana
honeybaess,honeybaess
Revelere,Revelere
Revelere,MACcosmetics
UrbanDecay,lil_yenta
Cbeechat,Autumns_Mummy
Cbeechat,TooFaced
WeeProducts,eBay
FashionAndYou24,makeupbykristi1
mu_your_mind,TooFaced
sincerelyessie,Thimbles_Spoons
sincerelyessie,BBlogRT
sincerelyessie,MissionRT
sincerelyessie,LovingBlogs
bloggingbeesrt,Laurenwoodhous6
bloggingbeesrt,Influencer_RT
bloggingbeesrt,bloggingbeesrt
bloggingbeesrt,LittleBlogRTs
bloggingbeesrt,FabBloggersRT
FashionAndYou24,Harunyans2Rady
senoritaxstore,senoritaxstore
WeeProducts,eBay
bloggingbeesrt,Laurenwoodhous6
bloggingbeesrt,Influencer_RT
bloggingbeesrt,bloggingbeesrt
bloggingbeesrt,LittleBlogRTs
bloggingbeesrt,FabBloggersRT
bloggingbeesrt,TheBloggerGals
Cbeechat,NinaLouiseLaw
Cbeechat,Cbeechat
Cbeechat,sotonbloggers
Cbeechat,LovingBlogs
idiotyzmy,cherilyla
LittleLuxbyLyns,bloglovin
Bigbluelotus,meehgoxcutie
StyleNBeautyDoc,ThatGirlSental
StyleNBeautyDoc,StyleNBeautyDoc
BBlogRT,Laurenwoodhous6
BBlogRT,TooFaced
BBlogRT,Influencer_RT
BBlogRT,bloggingbeesrt
BBlogRT,LittleBlogRTs
BBlogRT,FabBloggersRT
sarah_berryman1,TooFaced
hwajintan_shop,Bijinploiawait
sotonbloggers,ClosetKate
sotonbloggers,TooFaced
sotonbloggers,BBlogRT
sotonbloggers,sotonbloggers
sotonbloggers,UKBloggers1
merrichristi,sarahkendzior
beautytrends24,TooFaced
FirstGlanceFilm,SanfordStreet
FirstGlanceFilm,OcchiMagazine
ClineSandra1,eBay
sarah_berryman1,TooFaced
NathanBrimmer,FirstGlanceFilm
NathanBrimmer,noho7
rachelslathar,LeightinLackey
Rabbitxingxing,XingPark
globalcosmetics,globalcosmetics
EXOPlanetBR,weareoneEXO
EXOPlanetBR,layzhang
cahill__mim,EXOPlanetBR
cahill__mim,weareoneEXO
cahill__mim,layzhang
nctsexodus,EXOPlanetBR
nctsexodus,MACcosmetics
nctsexodus,weareoneEXO
blushydarling,MACcosmetics
AuntieV0dka,StarkRav1ngMad
AuntieV0dka,MsMakita
AuntieV0dka,RotNScoundrel
AuntieV0dka,_MoCowBell_
AuntieV0dka,secjr112
MustangGirl3,JanettNLee1
MustangGirl3,MACcosmetics
sincerelyessie,ClosetKate
sincerelyessie,TooFaced
sincerelyessie,BBlogRT
sincerelyessie,sotonbloggers
sincerelyessie,UKBloggers1
Fruticienta,UrbanDecay
StyleNBeautyDoc,ThatGirlSental
StyleNBeautyDoc,StyleNBeautyDoc
Beauty411,MACcosmetics
mu_your_mind,tessavirtue
mu_your_mind,MACcosmetics
NYLONJAPAN,maedagordon
_AaronMcPherson,NathanBrimmer
_AaronMcPherson,FirstGlanceFilm
_AaronMcPherson,noho7
ClineSandra1,eBay
Deefordiane1,LovingBlogs
TEYA_Wu,TEYA_Wu
mu_your_mind,TooFaced
jacksseunn,JacksonWGlobal
JohnHRobertsJr,ProudResister
JohnHRobertsJr,simpsonrob39
acurvyvegan,TooFaced
sotonbloggers,NinaLouiseLaw
sotonbloggers,Cbeechat
sotonbloggers,sotonbloggers
sotonbloggers,LovingBlogs
angelofsatan_,generouswoman_
NathanBrimmer,NathanBrimmer
NathanBrimmer,FirstGlanceFilm
NathanBrimmer,noho7
blacknthick,TooFaced
BloggingBabesRT,Laurenwoodhous6
BloggingBabesRT,TooFaced
BloggingBabesRT,Influencer_RT
BloggingBabesRT,bloggingbeesrt
BloggingBabesRT,LittleBlogRTs
BloggingBabesRT,FabBloggersRT
nurxxing,layshands
nurxxing,MACcosmetics
nurxxing,layzhang
acurvyvegan,TooFaced
GuyExcited,BeefeeJung
MACcosmetics,beautytrends24
TEYA_Wu,TEYA_Wu
marjoriesba,Gabby_Hoffman
bear_faced_lady,ecrjones
theclique_uk,Laurenwoodhous6
theclique_uk,Influencer_RT
theclique_uk,bloggingbeesrt
theclique_uk,LittleBlogRTs
theclique_uk,FabBloggersRT
allthoseblogs,TeganEditsLife
Xrizztina,RachelandVicto1
Xrizztina,Xrizztina
Xrizztina,donidarkowitz
Tendin2,auntviv_
DJ_JSTARENT,fentybeauty
DJ_JSTARENT,Sephora
Kenzikins1337,xhellokayla
LovingBlogs,ohsixeleven
LovingBlogs,UrbanDecay
LovingBlogs,LovingBlogs
LovingBlogs,theclique_uk
SanfordStreet,OcchiMagazine
sarah_berryman1,TooFaced
bloggeroppsrt,Laurenwoodhous6
bloggeroppsrt,Influencer_RT
bloggeroppsrt,bloggingbeesrt
bloggeroppsrt,LittleBlogRTs
bloggeroppsrt,FabBloggersRT
sarah_berryman1,TooFaced
MAC_Debbie_F,MACcosmetics
ClineSandra1,eBay
InsidePublic,InsidePublic
InStyle,TooFaced
NathanBrimmer,OcchiMagazine
TiffUnscripted,OcchiMagazine
sotonbloggers,Deefordiane1
sotonbloggers,LovingBlogs
amiteshdubey,ashokgehlot51
GrandeAriana,needysari
IsamichaelReal,IsamichaelReal
IsamichaelReal,sotrixbax
holly,rach0907
MAC_Debbie_F,MACcosmetics
Yuril_sg,Makeupdotcom
Yuril_sg,UrbanDecay
BibiCarneiro,mbetarello
Kathansojah,Kathansojah
247Contests,GiveawaysSumo
amiteshdubey,DrAMSinghvi
rachelslathar,sarahgarry97
ocanannain,ocanannain
MACcosmetics,SaucySeipats_
BloggingBabesRT,Laurenwoodhous6
BloggingBabesRT,Influencer_RT
BloggingBabesRT,bloggingbeesrt
BloggingBabesRT,LittleBlogRTs
BloggingBabesRT,FabBloggersRT
BloggingBabesRT,TheBloggerGals
Laura_Nolan22,TooFaced
PuestoLoco,butkus_jr
PuestoLoco,ChollaChubby
PuestoLoco,robreiner
BloggersTribe,ellacatherine95
HavanaRama,Coruscating
InStyle,TooFaced
March_for_Life,Gabby_Hoffman
meehgoxcutie,meehgoxcutie
MACcosmetics,drea_kilmer
Cbeechat,NinaLouiseLaw
amarcherrunge1,Gabby_Hoffman
FashionAndYou24,RaveenaX
helplessdrying,bloglovin
POPSUGARBeauty,TooFaced
ChicProfile,MACcosmetics
Nicia_K,ItoroACE
imKHOOLikethat,abbyissotan
resurgent,MarcGiller
Chuchouxxing,MACcosmetics
Chuchouxxing,layzhang
ALAMODE_YIXING,layshands
ALAMODE_YIXING,layzhang
ALAMODE_YIXING,MACcosmetics
senoritaxstore,wwd
senoritaxstore,BenefitBeauty
senoritaxstore,MACcosmetics
sarah_berryman1,TooFaced
bloggingbeesrt,Laurenwoodhous6
bloggingbeesrt,Influencer_RT
bloggingbeesrt,bloggingbeesrt
bloggingbeesrt,LittleBlogRTs
bloggingbeesrt,FabBloggersRT
senoritaxstore,senoritaxstore
NEWomen4Justice,Women4JusticeUS
POPSUGARBeauty,MACcosmetics
BBlogRT,Deefordiane1
BBlogRT,LovingBlogs
NathanBrimmer,OcchiMagazine
NathanBrimmer,SanfordStreet
ShirleyRinguet5,BamaAgent1
ShirleyRinguet5,Beg1Girl
ShirleyRinguet5,HLAurora63
ShirleyRinguet5,alley167
ShirleyRinguet5,pinkk9lover
ShirleyRinguet5,davidbcrumbs
ShirleyRinguet5,ReneeCarrollAZ
ShirleyRinguet5,battleofever
ShirleyRinguet5,RoseDC11
ShirleyRinguet5,Dawn_DeMore1
FashionAndYou24,FernyCastilla
magdarauhl,karoIinka
XingPark,MACcosmetics
funkyanon,johnharris1969
FashionAndYou24,RaveenaX
jessicasofia25,dissolve___me
senoritaxstore,senoritaxstore
ClineSandra1,eBay
sincerelyessie,Deefordiane1
sincerelyessie,LovingBlogs
FashionAndYou24,destany_cd
Kenzikins1337,xhellokayla
AlisonBaker01,bear_faced_lady
MACcosmetics,winlarsen
ClineSandra1,eBay
bloggingbeesrt,Laurenwoodhous6
bloggingbeesrt,Influencer_RT
bloggingbeesrt,bloggingbeesrt
bloggingbeesrt,LittleBlogRTs
bloggingbeesrt,FabBloggersRT
bloggingbeesrt,TheBloggerGals
nurxxing,layshands
nurxxing,layzhang
nurxxing,MACcosmetics
SamiTribbiani,Selfridges
SamiTribbiani,MACcosmetics
bloggeroppsrt,Laurenwoodhous6
bloggeroppsrt,TooFaced
bloggeroppsrt,Influencer_RT
bloggeroppsrt,bloggingbeesrt
bloggeroppsrt,LittleBlogRTs
bloggeroppsrt,FabBloggersRT
LoonerGirlKayla,eBay
arnished,Mohmmed_Arshid
arnished,JoyPaul99
arnished,TheCricketGeek
TheBloggersPost,TeganEditsLife
dissolve___me,dianaluvscats
merrichristi,JulyWolfe
merrichristi,GirlNYC
merrichristi,sarahkendzior
sincerelyessie,Autumns_Mummy
sincerelyessie,TooFaced
Fernie_FT,Fernie_FT
LoonerGirlKayla,eBay
StyleNBeautyDoc,DIDIAIKO
StyleNBeautyDoc,StyleNBeautyDoc
Lenee__,spikeleejoints
Lenee__,Lenee__
ClosetKate,beautbluebird
ClosetKate,beautbluebird
BloggingBabesRT,Laurenwoodhous6
BloggingBabesRT,Influencer_RT
BloggingBabesRT,bloggingbeesrt
BloggingBabesRT,LittleBlogRTs
BloggingBabesRT,FabBloggersRT
BeautyBlogNews,TooFaced
BeautyBlogNews,jerrodblandino
LilaLoveBeauty,YouTube
LilaLoveBeauty,StephsBeauty05
sincerelyessie,NinaLouiseLaw
sarah_berryman1,TooFaced
MAC_Debbie_F,Selfridges
MACcosmetics,BrunetteJenner
TheBloggerGals,Laurenwoodhous6
TheBloggerGals,Influencer_RT
TheBloggerGals,bloggingbeesrt
TheBloggerGals,LittleBlogRTs
TheBloggerGals,FabBloggersRT
igornaming,igornaming
allthoseblogs,Deefordiane1
allthoseblogs,LovingBlogs
hellenii,hellenii
RougepoutBeauty,RougepoutBeauty
RougepoutBeauty,TooFaced
RougepoutBeauty,WizardPublicity
RougepoutBeauty,CTilburyMakeup
RougepoutBeauty,LancomeUK
RougepoutBeauty,Clinique_UK
sotonbloggers,Deefordiane1
sotonbloggers,LovingBlogs
GuyExcited,yartemx
MACcosmetics,martina_ox
LovingBlogs,NinaLouiseLaw
senoritaxstore,senoritaxstore
BloggingBabesRT,Laurenwoodhous6
BloggingBabesRT,Influencer_RT
BloggingBabesRT,bloggingbeesrt
BloggingBabesRT,LittleBlogRTs
BloggingBabesRT,FabBloggersRT
AlisonBaker01,gillpea
AlisonBaker01,bear_faced_lady
bear_faced_lady,AlisonBaker01
OcchiMagazine,NathanBrimmer
OcchiMagazine,OcchiMagazine
OcchiMagazine,SanfordStreet
NathanBrimmer,NathanBrimmer
NathanBrimmer,OcchiMagazine
NathanBrimmer,SanfordStreet
HauteLook,_leesie143
MACcosmetics,kaitbxwen
SBAList,marjoriesba
bloggeroppsrt,Laurenwoodhous6
bloggeroppsrt,Influencer_RT
bloggeroppsrt,bloggingbeesrt
bloggeroppsrt,LittleBlogRTs
bloggeroppsrt,FabBloggersRT
bloggeroppsrt,TheBloggerGals
BloggingBabesRT,Laurenwoodhous6
BloggingBabesRT,Influencer_RT
BloggingBabesRT,bloggingbeesrt
BloggingBabesRT,LittleBlogRTs
BloggingBabesRT,FabBloggersRT
sincerelyessie,NinaLouiseLaw
hesmygoldenhour,eversincekissy
BDQblog,beautbluebird
NathanBrimmer,NathanBrimmer
Xrizztina,mariaxxbeauty
Xrizztina,Xrizztina
LovingBlogs,Thimbles_Spoons
LovingBlogs,BBlogRT
LovingBlogs,MissionRT
LovingBlogs,LovingBlogs
cahill__mim,EXOPlanetBR
cahill__mim,MACcosmetics
cahill__mim,weareoneEXO
GuyExcited,UltimaVisita
LoonerGirlKayla,voguemagazine
jacksseunn,JacksonWGlobal
ClineSandra1,eBay
Iowcost,black_pyramid95
Iowcost,Iowcost
TheBloggerGals,Laurenwoodhous6
TheBloggerGals,Influencer_RT
TheBloggerGals,bloggingbeesrt
TheBloggerGals,LittleBlogRTs
TheBloggerGals,FabBloggersRT
FashionAndYou24,RachelShnayder
SanfordStreet,NathanBrimmer
SanfordStreet,OcchiMagazine
SanfordStreet,SanfordStreet
senoritaxstore,senoritaxstore
ohsixeleven,UrbanDecay
ohsixeleven,LovingBlogs
ohsixeleven,theclique_uk
Bigbluelotus,meehgoxcutie
WokeAFMedia,SarahRubyWrites
WokeAFMedia,kcarruthers
WokeAFMedia,derridalicious
WokeAFMedia,leslieforbes25
Selfridges,MACcosmetics
IamDallasLyn,eBay
Laura_Nolan22,Laura_Nolan22
Laura_Nolan22,TooFaced
WokeAFMedia,derridalicious
WokeAFMedia,Fem_Kat
WokeAFMedia,SarahRubyWrites
M_Simmerman32,Razorbacker24
M_Simmerman32,Austinh38887941
M_Simmerman32,BiGgZHRE
M_Simmerman32,jknoxville
M_Simmerman32,undisputed
M_Simmerman32,ShannonSharpe
MACcosmetics,leonardoallain
cosmeticglow,cosmeticglow
theclique_uk,ohsixeleven
theclique_uk,LovingBlogs
theclique_uk,theclique_uk
theclique_uk,allthoseblogs
globalcosmetics,globalcosmetics
MACcosmetics,drea_kilmer
rachelslathar,emmagryder
xingsohandsome,layshands
xingsohandsome,MACcosmetics
xingsohandsome,layzhang
mf711766,InStyle
mf711766,UrbanDecay
senoritaxstore,senoritaxstore
TheBloggerGals,Laurenwoodhous6
TheBloggerGals,TooFaced
TheBloggerGals,Influencer_RT
TheBloggerGals,bloggingbeesrt
TheBloggerGals,LittleBlogRTs
TheBloggerGals,FabBloggersRT
EXOPlanetBR,MACcosmetics
EXOPlanetBR,weareoneEXO
senoritaxstore,senoritaxstore
Muzi_Z,Deidre
Laura_Nolan22,Laura_Nolan22
TiffUnscripted,OcchiMagazine
layshands,MACcosmetics
layshands,layzhang
TooFaced,vogueaustralia
TooFaced,TooFaced
chicklette_,mcgeek_writes
chicklette_,kikikinz
chicklette_,SDMizzen
247Contests,GiveawaysSumo
seraphina444,kalsoom82
seraphina444,Invest2Innovate
Mzee_jones,Mzee_jones
Mzee_jones,venusakingba
SanfordStreet,NathanBrimmer
SanfordStreet,OcchiMagazine
SanfordStreet,SanfordStreet
hernameislex,wwd
hernameislex,BenefitBeauty
hernameislex,MACcosmetics
_AaronMcPherson,NathanBrimmer
_AaronMcPherson,OcchiMagazine
_AaronMcPherson,SanfordStreet
NathanBrimmer,SanfordStreet
JohnHRobertsJr,JohnHRobertsJr
JohnHRobertsJr,ProudResister
JohnHRobertsJr,simpsonrob39
Yuril_sg,Yuril_sg
Yuril_sg,TooFaced
bear_faced_lady,SarahGPerry
DevonBoyce5,iamjcbanks237
DevonBoyce5,emmaketum
DevonBoyce5,Ndukongbertrand
sincerelyessie,sarah_berryman1
sincerelyessie,TooFaced
sincerelyessie,ohsixeleven
sincerelyessie,UrbanDecay
sincerelyessie,LovingBlogs
sincerelyessie,theclique_uk
Deefordiane1,bloglovin
ClineSandra1,eBay
blacknthick,TooFaced
Lenee__,gabriellan556
Lenee__,Lenee__
senoritaxstore,senoritaxstore
jsismee,jsismee
ChicProfile,MACcosmetics
TheBloggerGals,TeganEditsLife
GuyExcited,UrbanExplorati5
FashionAndYou24,BellaDivulga
GrandeAriana,godsarewomeus
ShaylaRacquel,vanriessa
MyBeautyBunny,TooFaced
MyBeautyBunny,iliketotalkblog
MyBeautyBunny,MyBeautyBunny
BenefitBeauty,PPFA
BenefitBeauty,MACcosmetics
BenefitBeauty,Forbes
sarah_berryman1,TooFaced
MACcosmetics,GlamourSpectrum
ClosetKate,TooFaced
ClosetKate,BBlogRT
ClosetKate,sotonbloggers
ClineSandra1,eBay
sidetobass,LovaGrace_
SanfordStreet,NathanBrimmer
SanfordStreet,OcchiMagazine
FashionAndYou24,kelkaspar
BBlogRT,Deefordiane1
BBlogRT,LovingBlogs
bloggingbeesrt,Deefordiane1
bloggingbeesrt,LovingBlogs
BBlogRT,NinaLouiseLaw
BBlogRT,Cbeechat
BBlogRT,sotonbloggers
BBlogRT,LovingBlogs
Deefordiane1,LovingBlogs
TornadoNewsLink,TornadoNewsLink
SanfordStreet,NathanBrimmer
SanfordStreet,FirstGlanceFilm
SanfordStreet,noho7
TheBloggersPost,Deefordiane1
TheBloggersPost,LovingBlogs
sincerelyessie,NinaLouiseLaw
sincerelyessie,Cbeechat
sincerelyessie,sotonbloggers
sincerelyessie,LovingBlogs
sincerelyessie,ohsixeleven
sincerelyessie,LovingBlogs
sincerelyessie,theclique_uk
sincerelyessie,allthoseblogs
Selfridges,MACcosmetics
StyleCaster,MACcosmetics
FashionAndYou24,keenamakeup
senoritaxstore,senoritaxstore
kerrberry77,ClineSandra1
divineverytime,likeitsyours
sotonbloggers,NinaLouiseLaw
MustangGirl3,MACcosmetics
bloggingbeesrt,Laurenwoodhous6
bloggingbeesrt,Influencer_RT
bloggingbeesrt,bloggingbeesrt
bloggingbeesrt,LittleBlogRTs
bloggingbeesrt,FabBloggersRT
NathanBrimmer,TiffUnscripted
NathanBrimmer,OcchiMagazine
Rabbitxingxing,layshands
Rabbitxingxing,layzhang
Rabbitxingxing,MACcosmetics
pulte,foxnewsradio
pulte,greggutfeld
pulte,pulte
EricaEverAfter,ohsixeleven
EricaEverAfter,UrbanDecay
EricaEverAfter,LovingBlogs
EricaEverAfter,theclique_uk
Rabbitxingxing,layshands
Rabbitxingxing,MACcosmetics
Rabbitxingxing,layzhang
BBCCiN,DonnaLouiseUK
resurgent,Gabby_Hoffman
FashionAndYou24,aesthetickgirl
MACcosmetics,jetsetlaura
BloggersTribe,sarah_berryman1
BloggersTribe,TooFaced
FashionAndYou24,RebeccaJoyMUA
LoonerGirlKayla,eBay
MACcosmetics,MoreTeaDebra
MaWritesReviews,blushydarling
MaWritesReviews,MACcosmetics
hesmygoldenhour,loveharoldsmile
March_for_Life,marjoriesba
anapaorosas,ReviewsSisters
StagecoachGM,Paulkelly87
sarah_berryman1,TooFaced
bloggingbeesrt,Laurenwoodhous6
bloggingbeesrt,Influencer_RT
bloggingbeesrt,bloggingbeesrt
bloggingbeesrt,LittleBlogRTs
bloggingbeesrt,FabBloggersRT
RammeharDabla,ashokgehlot51
InsidePublic,InsidePublic
FashionAndYou24,miimedeiros
StagecoachGM,jennifever1
aazaadee,Devinder_Sharma
ClineSandra1,eBay
beautbluebird,beautbluebird
beautbluebird,beautbluebird
beautbluebird,beautbluebird
SanfordStreet,NathanBrimmer
SanfordStreet,OcchiMagazine
Chuchouxxing,XingPark
GuyExcited,audioslugs
senoritaxstore,senoritaxstore
senoritaxstore,senoritaxstore
POPSUGARBeauty,TooFaced
divineverytime,tearsalright
Nick_LGrant,GlamByAngelic
Nick_LGrant,UrbanDecay
Nick_LGrant,cfknls
Nick_LGrant,vraaamos
Nick_LGrant,AshNicoleStiles
Nick_LGrant,BlindlyHonestly
Nick_LGrant,Chatwithlu
Nick_LGrant,saiiimua
NYLONJAPAN,maedagordon
MACcosmetics,JournoBird
sgoopyelfin,sgoopyelfin
blushydarling,MACcosmetics
Yuril_sg,otsukisss
Yuril_sg,TooFaced
BibiCarneiro,mbetarello
SBAList,Gabby_Hoffman
RougepoutBeauty,bloglovin
pulte,foxnewstalk
pulte,greggutfeld
pulte,pulte
MAC_Debbie_F,FollowWestwood
MAC_Debbie_F,MACcosmetics
IamDallasLyn,eBay
Chuchouxxing,XingPark
Chuchouxxing,MACcosmetics
angelofsatan_,coraIinsane
ohsixeleven,LovingBlogs
ohsixeleven,theclique_uk
BBlogRT,Laurenwoodhous6
BBlogRT,Influencer_RT
BBlogRT,bloggingbeesrt
BBlogRT,LittleBlogRTs
BBlogRT,FabBloggersRT
JessNiicole,SOSU_BySJ
hernameislex,BenefitBeauty
hernameislex,MACcosmetics
hernameislex,PPFA
sincerelyessie,sarah_berryman1
sincerelyessie,TooFaced
amarcherrunge1,marjoriesba
FashionAndYou24,leleosocrazy
bloggeroppsrt,Laurenwoodhous6
bloggeroppsrt,Influencer_RT
bloggeroppsrt,bloggingbeesrt
bloggeroppsrt,LittleBlogRTs
bloggeroppsrt,FabBloggersRT
bloggeroppsrt,TheBloggerGals
BloggingBabesRT,Laurenwoodhous6
BloggingBabesRT,Influencer_RT
BloggingBabesRT,bloggingbeesrt
BloggingBabesRT,LittleBlogRTs
BloggingBabesRT,FabBloggersRT
bloggingbeesrt,Laurenwoodhous6
bloggingbeesrt,Influencer_RT
bloggingbeesrt,bloggingbeesrt
bloggingbeesrt,LittleBlogRTs
bloggingbeesrt,FabBloggersRT
bloggingbeesrt,TheBloggerGals
BDQblog,LindaLibraLoca
CynieLu,Amala5210
CynieLu,PrincessBravato
CynieLu,realDonaldTrump
BloggingBabesRT,Laurenwoodhous6
BloggingBabesRT,Influencer_RT
BloggingBabesRT,bloggingbeesrt
BloggingBabesRT,LittleBlogRTs
BloggingBabesRT,FabBloggersRT
BloggingBabesRT,TheBloggerGals
IsamichaelReal,sotrixbax
DJ_JSTARENT,fentybeauty
DJ_JSTARENT,rihanna
anapaorosas,ReviewsSisters
sarah_berryman1,TooFaced
FirstGlanceFilm,NathanBrimmer
FirstGlanceFilm,FirstGlanceFilm
FirstGlanceFilm,noho7
mf711766,InStyle
resurgent,MarcGiller
sarah_berryman1,TooFaced
MACcosmetics,laurapasco
nctsexodus,EXOPlanetBR
nctsexodus,weareoneEXO
nctsexodus,layzhang
FashionAndYou24,analocz_
sotonbloggers,NinaLouiseLaw
sotonbloggers,Cbeechat
sotonbloggers,sotonbloggers
sotonbloggers,LovingBlogs
UrbanUmbrella29,bloglovin
ALAMODE_YIXING,layshands
ALAMODE_YIXING,MACcosmetics
ALAMODE_YIXING,layzhang
FirstGlanceFilm,NathanBrimmer
FirstGlanceFilm,FirstGlanceFilm
FirstGlanceFilm,noho7
247Contests,GiveawaysSumo
NathanBrimmer,OcchiMagazine
NathanBrimmer,SanfordStreet
Iowcost,fvrxoo
Iowcost,Iowcost
BloggersTribe,Deefordiane1
BloggersTribe,LovingBlogs
nathanielsmith5,1Romans58
nathanielsmith5,LovToRideMyTrek
DevonBoyce5,DevonBoyce5
DevonBoyce5,iamjcbanks237
DevonBoyce5,emmaketum
DevonBoyce5,Ndukongbertrand
Cbeechat,NinaLouiseLaw
Cbeechat,Cbeechat
Cbeechat,sotonbloggers
Cbeechat,LovingBlogs
LovingBlogs,NinaLouiseLaw
kerrberry77,ClineSandra1
BloggingBabesRT,Laurenwoodhous6
BloggingBabesRT,TooFaced
BloggingBabesRT,Influencer_RT
BloggingBabesRT,bloggingbeesrt
BloggingBabesRT,LittleBlogRTs
BloggingBabesRT,FabBloggersRT
kinglyly_,TennyDolls
kinglyly_,kinglyly_
_lanaxx,xxparabellumxx
ChicProfile,MACcosmetics
NEWomen4Justice,profwolff
NathanBrimmer,FirstGlanceFilm
NathanBrimmer,noho7
nathanielsmith5,nathanielsmith5
nathanielsmith5,1Romans58
nathanielsmith5,LovToRideMyTrek
nrljazmeen_,layshands
nrljazmeen_,layzhang
nrljazmeen_,MACcosmetics
BloggingBabesRT,Laurenwoodhous6
BloggingBabesRT,Influencer_RT
BloggingBabesRT,bloggingbeesrt
BloggingBabesRT,LittleBlogRTs
BloggingBabesRT,FabBloggersRT
honeybaess,honeybaess
OcchiMagazine,TiffUnscripted
OcchiMagazine,OcchiMagazine
kinglyly_,sarahcallegaroo
SanfordStreet,NathanBrimmer
SanfordStreet,OcchiMagazine
StyleCaster,TooFaced
BloggersTribe,sarah_berryman1
BloggersTribe,TooFaced
Iowcost,yowhatsuup
Iowcost,Iowcost
theclique_uk,Deefordiane1
theclique_uk,LovingBlogs
jessicasofia25,dianaluvscats
theclique_uk,Laurenwoodhous6
theclique_uk,TooFaced
theclique_uk,Influencer_RT
theclique_uk,bloggingbeesrt
theclique_uk,LittleBlogRTs
theclique_uk,FabBloggersRT
POPSUGAR,christendtweets
POPSUGAR,MACcosmetics
POPSUGAR,Nordstrom
ClineSandra1,eBay
mu_your_mind,TooFaced
UrbanDecay,Makeupdotcom
UrbanDecay,UrbanDecay
StyleNBeautyDoc,NessaRWilliams
StyleNBeautyDoc,StyleNBeautyDoc
addictedlox_,ReviewsSisters
MoistureVapor8r,DonBoesch
marylui27,marylui27
FashionAndYou24,RaveenaX
sincerelyessie,acurvyvegan
sincerelyessie,TooFaced
sotonbloggers,NinaLouiseLaw
Yuril_sg,TooFaced
Phyrra,MyBeautyBunny
beautytrends24,TooFaced
beautytrends24,Sephora
hellogiggles,BenefitBeauty
hellogiggles,MACcosmetics
ClineSandra1,eBay
FashionAndYou24,janinesarah
NathanBrimmer,SanfordStreet
NathanBrimmer,NathanBrimmer
NathanBrimmer,OcchiMagazine
SanfordStreet,TiffUnscripted
SanfordStreet,OcchiMagazine
layshands,layzhang
layshands,MACcosmetics
doubletozzzz,prehvv
doubletozzzz,tnslinda
FashionAndYou24,FernyCastilla
POPSUGARBeauty,christendtweets
POPSUGARBeauty,MACcosmetics
POPSUGARBeauty,Nordstrom
TEYA_Wu,TEYA_Wu
belledoll1,belledoll1
bloggeroppsrt,Laurenwoodhous6
bloggeroppsrt,Influencer_RT
bloggeroppsrt,bloggingbeesrt
bloggeroppsrt,LittleBlogRTs
bloggeroppsrt,FabBloggersRT
Tendin2,choKolatOnTop
sincerelyessie,NinaLouiseLaw
sincerelyessie,Cbeechat
sincerelyessie,sotonbloggers
sincerelyessie,LovingBlogs
phatzplace,GiveawaysSumo
NathanBrimmer,SanfordStreet
NathanBrimmer,OcchiMagazine
xingsohandsome,XingPark
allthoseblogs,ohsixeleven
allthoseblogs,LovingBlogs
allthoseblogs,theclique_uk
allthoseblogs,allthoseblogs
honeybaess,honeybaess
bloggingbeesrt,Laurenwoodhous6
bloggingbeesrt,TooFaced
bloggingbeesrt,Influencer_RT
bloggingbeesrt,bloggingbeesrt
bloggingbeesrt,LittleBlogRTs
bloggingbeesrt,FabBloggersRT
ladyrasta,novabaiana
ladyrasta,danicarolp
theclique_uk,Laurenwoodhous6
theclique_uk,Influencer_RT
theclique_uk,bloggingbeesrt
theclique_uk,LittleBlogRTs
theclique_uk,FabBloggersRT
ClineSandra1,eBay
ClineSandra1,eBay
LovingBlogs,Deefordiane1
LovingBlogs,LovingBlogs
LovingBlogs,NinaLouiseLaw
RenjiAnooj,bloglovin
hellogiggles,MACcosmetics
RougepoutBeauty,RougepoutBeauty
RougepoutBeauty,bloglovin
MoistureVapor8r,MikeBates
MoistureVapor8r,realDonaldTrump
Revelere,Revelere
Yuril_sg,Selfridges
Yuril_sg,MACcosmetics
HauteLook,London9Calling
FashionAndYou24,candyclub2011
FashionAndYou24,cherriesbeauty
FashionAndYou24,fabulousbyyd
FashionAndYou24,MakeErinOver
Cbeechat,NinaLouiseLaw
BloggersTribe,sarah_berryman1
BloggersTribe,TooFaced
IamDallasLyn,eBay
HavanaRama,Coruscating
CaroL007_,CaroL007_
Deefordiane1,theclique_uk
CynieLu,Cassandra0Paige
PuestoLoco,PuestoLoco
PuestoLoco,butkus_jr
PuestoLoco,ChollaChubby
PuestoLoco,robreiner
FirstGlanceFilm,NathanBrimmer
FirstGlanceFilm,OcchiMagazine
FirstGlanceFilm,SanfordStreet
InStyle,UrbanDecay
aazaadee,ppurva
sentirtetowapa,bloglovin
Nick_LGrant,TeaSpillYT
sarah_berryman1,TooFaced
LovingBlogs,ohsixeleven
LovingBlogs,LovingBlogs
LovingBlogs,theclique_uk
LovingBlogs,allthoseblogs
MACcosmetics,__ALFAJER6
glamourmag,Pinterest
thisquietcity,eggpossum
UrbanDecay,Nicia_K
TEYA_Wu,TEYA_Wu
theclique_uk,Laurenwoodhous6
theclique_uk,Influencer_RT
theclique_uk,bloggingbeesrt
theclique_uk,LittleBlogRTs
theclique_uk,FabBloggersRT
iliketotalkblog,MyBeautyBunny
iliketotalkblog,TooFaced
iliketotalkblog,iliketotalkblog
iliketotalkblog,MyBeautyBunny
LovingBlogs,NinaLouiseLaw
LovingBlogs,Cbeechat
LovingBlogs,sotonbloggers
LovingBlogs,LovingBlogs
mu_your_mind,chelseaoliviaxo
mu_your_mind,MAKEUPFOREVERCa
ShirleyRinguet5,RoxiP5
ShirleyRinguet5,marsialynn86
ShirleyRinguet5,LadyRedWave
meehgoxcutie,meehgoxcutie
perfectly_kyla,Laurenwoodhous6
perfectly_kyla,Influencer_RT
perfectly_kyla,bloggingbeesrt
perfectly_kyla,LittleBlogRTs
perfectly_kyla,FabBloggersRT
sincerelyessie,NinaLouiseLaw
ChicProfile,MACcosmetics
ChicProfile,Selfridges
FashionAndYou24,RaveenaX
Iowcost,berenicelgd
Iowcost,Iowcost
Liksworld_,nikkideea1130
Liksworld_,makeupbyjoxlyn
theladykatie,leanbeanwakim
Fyb_nana,Fyb_nana
BBlogRT,Laurenwoodhous6
BBlogRT,Influencer_RT
BBlogRT,bloggingbeesrt
BBlogRT,LittleBlogRTs
BBlogRT,FabBloggersRT
Liksworld_,zoemargie
Liksworld_,makeupbyjoxlyn
sotonbloggers,NinaLouiseLaw
loveindulge,UrbanDecay
MAC_Debbie_F,Selfridges
ladyrasta,novabaiana
ladyrasta,danicarolp
DJ_JSTARENT,fentybeauty
DJ_JSTARENT,Sephora
MACcosmetics,kaylamhogue
ToddTrotter3,ToddTrotter3
MyBeautyBunny,TooFaced
FirstGlanceFilm,SanfordStreet
FirstGlanceFilm,NathanBrimmer
FirstGlanceFilm,OcchiMagazine
SanfordStreet,NathanBrimmer
SanfordStreet,OcchiMagazine
AuntieV0dka,MsMakita
AuntieV0dka,RotNScoundrel
AuntieV0dka,_MoCowBell_
AuntieV0dka,secjr112
AuntieV0dka,StarkRav1ngMad
MaWritesReviews,jsismee
addictedlox_,ReviewsSisters
NathanBrimmer,NathanBrimmer
NathanBrimmer,OcchiMagazine
NathanBrimmer,SanfordStreet
ClineSandra1,eBay
CestMoiz,CestMoiz
Makeupdotcom,UrbanDecay
funkyanon,marcuschown
LilaLoveBeauty,YouTube
LilaLoveBeauty,Sephora
BBCCiN,DonnaLouiseUK
M_Simmerman32,Razorbacker24
M_Simmerman32,BiGgZHRE
M_Simmerman32,jknoxville
M_Simmerman32,undisputed
M_Simmerman32,ShannonSharpe
random_pre,random_pre
POPSUGAR,MACcosmetics
POPSUGAR,disneyaladdin
JessNiicole,SOSU_BySJ
chicklette_,deisderium
chicklette_,jinlinlian
chicklette_,cryobuckys
chicklette_,Elle_Bees_Knees
Xrizztina,official_maur
Xrizztina,MACcosmetics
POPSUGARBeauty,TooFaced
FashionAndYou24,lucyalanaxo
aquaheart,UrbanDecay
resurgent,Gabby_Hoffman
BenefitBeauty,wwd
BenefitBeauty,BenefitBeauty
BenefitBeauty,MACcosmetics
sarah_berryman1,TooFaced
idiotyzmy,cherilyla
InStyle,PPFA
WeeProducts,eBay
BloggingBabesRT,Laurenwoodhous6
BloggingBabesRT,Influencer_RT
BloggingBabesRT,bloggingbeesrt
BloggingBabesRT,LittleBlogRTs
BloggingBabesRT,FabBloggersRT
BloggingBabesRT,TheBloggerGals
BloggersTribe,NinaLouiseLaw
BloggersTribe,Cbeechat
BloggersTribe,sotonbloggers
BloggersTribe,LovingBlogs
